{
  "$comment": "Automatically generated by scripts/boost/generate-ports.ps1",
  "name": "boost-compute",
  "version": "1.89.0",
  "description": "Boost compute module",
  "homepage": "https://www.boost.org/libs/compute",
  "license": "BSL-1.0",
  "dependencies": [
    {
      "name": "boost-algorithm",
      "version>=": "1.89.0"
    },
    {
      "name": "boost-array",
      "version>=": "1.89.0"
    },
    {
      "name": "boost-assert",
      "version>=": "1.89.0"
    },
    {
      "name": "boost-atomic",
      "version>=": "1.89.0"
    },
    {
      "name": "boost-chrono",
      "version>=": "1.89.0"
    },
    {
      "name": "boost-cmake",
      "version>=": "1.89.0"
    },
    {
      "name": "boost-config",
      "version>=": "1.89.0"
    },
    {
      "name": "boost-core",
      "version>=": "1.89.0"
    },
    {
      "name": "boost-filesystem",
      "platform": "!uwp",
      "version>=": "1.89.0"
    },
    {
      "name": "boost-function",
      "version>=": "1.89.0"
    },
    {
      "name": "boost-function-types",
      "version>=": "1.89.0"
    },
    {
      "name": "boost-fusion",
      "version>=": "1.89.0"
    },
    {
      "name": "boost-headers",
      "version>=": "1.89.0"
    },
    {
      "name": "boost-iterator",
      "version>=": "1.89.0"
    },
    {
      "name": "boost-lexical-cast",
      "version>=": "1.89.0"
    },
    {
      "name": "boost-mpl",
      "version>=": "1.89.0"
    },
    {
      "name": "boost-optional",
      "version>=": "1.89.0"
    },
    {
      "name": "boost-preprocessor",
      "version>=": "1.89.0"
    },
    {
      "name": "boost-property-tree",
      "version>=": "1.89.0"
    },
    {
      "name": "boost-proto",
      "version>=": "1.89.0"
    },
    {
      "name": "boost-range",
      "version>=": "1.89.0"
    },
    {
      "name": "boost-smart-ptr",
      "version>=": "1.89.0"
    },
    {
      "name": "boost-static-assert",
      "version>=": "1.89.0"
    },
    {
      "name": "boost-thread",
      "version>=": "1.89.0"
    },
    {
      "name": "boost-throw-exception",
      "version>=": "1.89.0"
    },
    {
      "name": "boost-tuple",
      "version>=": "1.89.0"
    },
    {
      "name": "boost-type-traits",
      "version>=": "1.89.0"
    },
    {
      "name": "boost-typeof",
      "version>=": "1.89.0"
    },
    {
      "name": "boost-utility",
      "version>=": "1.89.0"
    },
    {
      "name": "boost-uuid",
      "version>=": "1.89.0"
    }
  ]
}
