{
  "$comment": "Automatically generated by scripts/boost/generate-ports.ps1",
  "name": "boost-python",
  "version": "1.89.0",
  "description": "Boost python module",
  "homepage": "https://www.boost.org/libs/python",
  "license": "BSL-1.0",
  "supports": "!uwp & !emscripten & !ios & !android",
  "dependencies": [
    {
      "name": "boost-align",
      "version>=": "1.89.0"
    },
    {
      "name": "boost-bind",
      "version>=": "1.89.0"
    },
    {
      "name": "boost-cmake",
      "version>=": "1.89.0"
    },
    {
      "name": "boost-config",
      "version>=": "1.89.0"
    },
    {
      "name": "boost-conversion",
      "version>=": "1.89.0"
    },
    {
      "name": "boost-core",
      "version>=": "1.89.0"
    },
    {
      "name": "boost-detail",
      "version>=": "1.89.0"
    },
    {
      "name": "boost-foreach",
      "version>=": "1.89.0"
    },
    {
      "name": "boost-function",
      "version>=": "1.89.0"
    },
    {
      "name": "boost-graph",
      "version>=": "1.89.0"
    },
    {
      "name": "boost-headers",
      "version>=": "1.89.0"
    },
    {
      "name": "boost-integer",
      "version>=": "1.89.0"
    },
    {
      "name": "boost-iterator",
      "version>=": "1.89.0"
    },
    {
      "name": "boost-lexical-cast",
      "version>=": "1.89.0"
    },
    {
      "name": "boost-mpl",
      "version>=": "1.89.0"
    },
    {
      "name": "boost-numeric-conversion",
      "version>=": "1.89.0"
    },
    {
      "name": "boost-preprocessor",
      "version>=": "1.89.0"
    },
    {
      "name": "boost-property-map",
      "version>=": "1.89.0"
    },
    {
      "name": "boost-smart-ptr",
      "version>=": "1.89.0"
    },
    {
      "name": "boost-static-assert",
      "version>=": "1.89.0"
    },
    {
      "name": "boost-tuple",
      "version>=": "1.89.0"
    },
    {
      "name": "boost-type-traits",
      "version>=": "1.89.0"
    },
    {
      "name": "boost-utility",
      "version>=": "1.89.0"
    },
    "python3"
  ]
}
