{
  "$comment": "Automatically generated by scripts/boost/generate-ports.ps1",
  "name": "boost-accumulators",
  "version": "1.89.0",
  "description": "Boost accumulators module",
  "homepage": "https://www.boost.org/libs/accumulators",
  "license": "BSL-1.0",
  "dependencies": [
    {
      "name": "boost-array",
      "version>=": "1.89.0"
    },
    {
      "name": "boost-assert",
      "version>=": "1.89.0"
    },
    {
      "name": "boost-circular-buffer",
      "version>=": "1.89.0"
    },
    {
      "name": "boost-cmake",
      "version>=": "1.89.0"
    },
    {
      "name": "boost-concept-check",
      "version>=": "1.89.0"
    },
    {
      "name": "boost-config",
      "version>=": "1.89.0"
    },
    {
      "name": "boost-core",
      "version>=": "1.89.0"
    },
    {
      "name": "boost-fusion",
      "version>=": "1.89.0"
    },
    {
      "name": "boost-headers",
      "version>=": "1.89.0"
    },
    {
      "name": "boost-iterator",
      "version>=": "1.89.0"
    },
    {
      "name": "boost-mpl",
      "version>=": "1.89.0"
    },
    {
      "name": "boost-numeric-conversion",
      "version>=": "1.89.0"
    },
    {
      "name": "boost-parameter",
      "version>=": "1.89.0"
    },
    {
      "name": "boost-preprocessor",
      "version>=": "1.89.0"
    },
    {
      "name": "boost-range",
      "version>=": "1.89.0"
    },
    {
      "name": "boost-serialization",
      "version>=": "1.89.0"
    },
    {
      "name": "boost-static-assert",
      "version>=": "1.89.0"
    },
    {
      "name": "boost-throw-exception",
      "version>=": "1.89.0"
    },
    {
      "name": "boost-tuple",
      "version>=": "1.89.0"
    },
    {
      "name": "boost-type-traits",
      "version>=": "1.89.0"
    },
    {
      "name": "boost-typeof",
      "version>=": "1.89.0"
    },
    {
      "name": "boost-ublas",
      "version>=": "1.89.0"
    }
  ]
}
